,date,measure,value
0,2019-01-01,daily_users,67
1,2019-01-02,daily_users,51
2,2019-01-03,daily_users,58
3,2019-01-04,daily_users,71
4,2019-01-05,daily_users,28
5,2019-01-06,daily_users,26
6,2019-01-07,daily_users,61
7,2019-01-08,daily_users,55
8,2019-01-09,daily_users,60
9,2019-01-10,daily_users,68
10,2019-01-11,daily_users,63
11,2019-01-12,daily_users,28
12,2019-01-13,daily_users,45
13,2019-01-14,daily_users,68
14,2019-01-15,daily_users,62
15,2019-01-16,daily_users,70
16,2019-01-17,daily_users,63
17,2019-01-18,daily_users,55
18,2019-01-19,daily_users,31
19,2019-01-20,daily_users,47
20,2019-01-21,daily_users,58
21,2019-01-22,daily_users,57
22,2019-01-23,daily_users,60
23,2019-01-24,daily_users,66
24,2019-01-25,daily_users,72
25,2019-01-26,daily_users,47
26,2019-01-27,daily_users,25
27,2019-01-28,daily_users,57
28,2019-01-29,daily_users,60
29,2019-01-30,daily_users,68
30,2019-01-31,daily_users,68
31,2019-02-01,daily_users,57
32,2019-02-02,daily_users,33
33,2019-02-03,daily_users,25
34,2019-02-04,daily_users,61
35,2019-02-05,daily_users,68
36,2019-02-06,daily_users,66
37,2019-02-07,daily_users,56
38,2019-02-08,daily_users,68
39,2019-02-09,daily_users,46
40,2019-02-10,daily_users,31
41,2019-02-11,daily_users,73
42,2019-02-12,daily_users,70
43,2019-02-13,daily_users,53
44,2019-02-14,daily_users,63
45,2019-02-15,daily_users,51
46,2019-02-16,daily_users,41
47,2019-02-17,daily_users,33
48,2019-02-18,daily_users,65
49,2019-02-19,daily_users,50
50,2019-02-20,daily_users,62
51,2019-02-21,daily_users,68
52,2019-02-22,daily_users,61
53,2019-02-23,daily_users,41
54,2019-02-24,daily_users,26
55,2019-02-25,daily_users,62
56,2019-02-26,daily_users,52
57,2019-02-27,daily_users,62
58,2019-02-28,daily_users,58
59,2019-03-01,daily_users,60
60,2019-03-02,daily_users,47
61,2019-03-03,daily_users,26
62,2019-03-04,daily_users,56
63,2019-03-05,daily_users,65
64,2019-03-06,daily_users,58
65,2019-03-07,daily_users,53
66,2019-03-08,daily_users,62
67,2019-03-09,daily_users,47
68,2019-03-10,daily_users,30
69,2019-03-11,daily_users,60
70,2019-03-12,daily_users,60
71,2019-03-13,daily_users,60
72,2019-03-14,daily_users,50
73,2019-03-15,daily_users,63
74,2019-03-16,daily_users,31
75,2019-03-17,daily_users,43
76,2019-03-18,daily_users,65
77,2019-03-19,daily_users,50
78,2019-03-20,daily_users,71
79,2019-03-21,daily_users,55
80,2019-03-22,daily_users,57
81,2019-03-23,daily_users,41
82,2019-03-24,daily_users,47
83,2019-03-25,daily_users,58
84,2019-03-26,daily_users,73
85,2019-03-27,daily_users,63
86,2019-03-28,daily_users,61
87,2019-03-29,daily_users,70
88,2019-03-30,daily_users,35
89,2019-03-31,daily_users,27
90,2019-04-01,daily_users,65
91,2019-04-02,daily_users,71
92,2019-04-03,daily_users,72
93,2019-04-04,daily_users,71
94,2019-04-05,daily_users,50
95,2019-04-06,daily_users,47
96,2019-04-07,daily_users,48
97,2019-04-08,daily_users,72
98,2019-04-09,daily_users,60
99,2019-04-10,daily_users,57
100,2019-04-11,daily_users,73
101,2019-04-12,daily_users,63
102,2019-04-13,daily_users,31
103,2019-04-14,daily_users,30
104,2019-04-15,daily_users,56
105,2019-04-16,daily_users,63
106,2019-04-17,daily_users,62
107,2019-04-18,daily_users,67
108,2019-04-19,daily_users,68
109,2019-04-20,daily_users,35
110,2019-04-21,daily_users,40
111,2019-04-22,daily_users,57
112,2019-04-23,daily_users,56
113,2019-04-24,daily_users,52
114,2019-04-25,daily_users,56
115,2019-04-26,daily_users,67
116,2019-04-27,daily_users,37
117,2019-04-28,daily_users,32
118,2019-04-29,daily_users,63
119,2019-04-30,daily_users,63
120,2019-05-01,daily_users,50
121,2019-05-02,daily_users,60
122,2019-05-03,daily_users,68
123,2019-05-04,daily_users,38
124,2019-05-05,daily_users,46
125,2019-05-06,daily_users,62
126,2019-05-07,daily_users,70
127,2019-05-08,daily_users,55
128,2019-05-09,daily_users,72
129,2019-05-10,daily_users,58
130,2019-05-11,daily_users,41
131,2019-05-12,daily_users,35
132,2019-05-13,daily_users,65
133,2019-05-14,daily_users,61
134,2019-05-15,daily_users,56
135,2019-05-16,daily_users,63
136,2019-05-17,daily_users,57
137,2019-05-18,daily_users,26
138,2019-05-19,daily_users,35
139,2019-05-20,daily_users,56
140,2019-05-21,daily_users,73
141,2019-05-22,daily_users,53
142,2019-05-23,daily_users,56
143,2019-05-24,daily_users,50
144,2019-05-25,daily_users,27
145,2019-05-26,daily_users,37
146,2019-05-27,daily_users,66
147,2019-05-28,daily_users,57
148,2019-05-29,daily_users,56
149,2019-05-30,daily_users,52
150,2019-05-31,daily_users,56
151,2019-06-01,daily_users,27
152,2019-06-02,daily_users,30
153,2019-06-03,daily_users,70
154,2019-06-04,daily_users,60
155,2019-06-05,daily_users,65
156,2019-06-06,daily_users,56
157,2019-06-07,daily_users,58
158,2019-06-08,daily_users,36
159,2019-06-09,daily_users,30
160,2019-06-10,daily_users,50
161,2019-06-11,daily_users,66
162,2019-06-12,daily_users,56
163,2019-06-13,daily_users,72
164,2019-06-14,daily_users,56
165,2019-06-15,daily_users,32
166,2019-06-16,daily_users,25
167,2019-06-17,daily_users,73
168,2019-06-18,daily_users,70
169,2019-06-19,daily_users,66
170,2019-06-20,daily_users,73
171,2019-06-21,daily_users,51
172,2019-06-22,daily_users,45
173,2019-06-23,daily_users,40
174,2019-06-24,daily_users,67
175,2019-06-25,daily_users,66
176,2019-06-26,daily_users,50
177,2019-06-27,daily_users,57
178,2019-06-28,daily_users,56
179,2019-06-29,daily_users,48
180,2019-06-30,daily_users,28
181,2019-07-01,daily_users,71
182,2019-07-02,daily_users,65
183,2019-07-03,daily_users,72
184,2019-07-04,daily_users,55
185,2019-07-05,daily_users,66
186,2019-07-06,daily_users,41
187,2019-07-07,daily_users,42
188,2019-07-08,daily_users,53
189,2019-07-09,daily_users,68
190,2019-07-10,daily_users,60
191,2019-07-11,daily_users,65
192,2019-07-12,daily_users,73
193,2019-07-13,daily_users,47
194,2019-07-14,daily_users,26
195,2019-07-15,daily_users,73
196,2019-07-16,daily_users,63
197,2019-07-17,daily_users,56
198,2019-07-18,daily_users,50
199,2019-07-19,daily_users,56
200,2019-07-20,daily_users,28
201,2019-07-21,daily_users,46
202,2019-07-22,daily_users,60
203,2019-07-23,daily_users,72
204,2019-07-24,daily_users,66
205,2019-07-25,daily_users,51
206,2019-07-26,daily_users,65
207,2019-07-27,daily_users,45
208,2019-07-28,daily_users,32
209,2019-07-29,daily_users,66
210,2019-07-30,daily_users,53
211,2019-07-31,daily_users,70
212,2019-08-01,daily_users,57
213,2019-08-02,daily_users,71
214,2019-08-03,daily_users,38
215,2019-08-04,daily_users,38
216,2019-08-05,daily_users,68
217,2019-08-06,daily_users,60
218,2019-08-07,daily_users,70
219,2019-08-08,daily_users,72
220,2019-08-09,daily_users,65
221,2019-08-10,daily_users,33
222,2019-08-11,daily_users,28
223,2019-08-12,daily_users,71
224,2019-08-13,daily_users,63
225,2019-08-14,daily_users,68
226,2019-08-15,daily_users,55
227,2019-08-16,daily_users,71
228,2019-08-17,daily_users,36
229,2019-08-18,daily_users,32
230,2019-08-19,daily_users,50
231,2019-08-20,daily_users,58
232,2019-08-21,daily_users,58
233,2019-08-22,daily_users,65
234,2019-08-23,daily_users,66
235,2019-08-24,daily_users,40
236,2019-08-25,daily_users,31
237,2019-08-26,daily_users,58
238,2019-08-27,daily_users,57
239,2019-08-28,daily_users,66
240,2019-08-29,daily_users,53
241,2019-08-30,daily_users,66
242,2019-08-31,daily_users,35
243,2019-09-01,daily_users,38
244,2019-09-02,daily_users,51
245,2019-09-03,daily_users,53
246,2019-09-04,daily_users,71
247,2019-09-05,daily_users,58
248,2019-09-06,daily_users,53
249,2019-09-07,daily_users,28
250,2019-09-08,daily_users,41
251,2019-09-09,daily_users,62
252,2019-09-10,daily_users,70
253,2019-09-11,daily_users,53
254,2019-09-12,daily_users,60
255,2019-09-13,daily_users,73
256,2019-09-14,daily_users,35
257,2019-09-15,daily_users,32
258,2019-09-16,daily_users,52
259,2019-09-17,daily_users,51
260,2019-09-18,daily_users,52
261,2019-09-19,daily_users,63
262,2019-09-20,daily_users,71
263,2019-09-21,daily_users,48
264,2019-09-22,daily_users,36
265,2019-09-23,daily_users,73
266,2019-09-24,daily_users,72
267,2019-09-25,daily_users,71
268,2019-09-26,daily_users,68
269,2019-09-27,daily_users,57
270,2019-09-28,daily_users,32
271,2019-09-29,daily_users,38
272,2019-09-30,daily_users,56
273,2019-10-01,daily_users,66
274,2019-10-02,daily_users,58
275,2019-10-03,daily_users,62
276,2019-10-04,daily_users,61
277,2019-10-05,daily_users,28
278,2019-10-06,daily_users,40
279,2019-10-07,daily_users,56
280,2019-10-08,daily_users,53
281,2019-10-09,daily_users,66
282,2019-10-10,daily_users,50
283,2019-10-11,daily_users,60
284,2019-10-12,daily_users,41
285,2019-10-13,daily_users,26
286,2019-10-14,daily_users,57
287,2019-10-15,daily_users,53
288,2019-10-16,daily_users,51
289,2019-10-17,daily_users,72
290,2019-10-18,daily_users,66
291,2019-10-19,daily_users,42
292,2019-10-20,daily_users,26
293,2019-10-21,daily_users,50
294,2019-10-22,daily_users,53
295,2019-10-23,daily_users,66
296,2019-10-24,daily_users,71
297,2019-10-25,daily_users,72
298,2019-10-26,daily_users,27
299,2019-10-27,daily_users,47
300,2019-10-28,daily_users,58
301,2019-10-29,daily_users,68
302,2019-10-30,daily_users,73
303,2019-10-31,daily_users,65
304,2019-11-01,daily_users,51
305,2019-11-02,daily_users,42
306,2019-11-03,daily_users,48
307,2019-11-04,daily_users,56
308,2019-11-05,daily_users,58
309,2019-11-06,daily_users,61
310,2019-11-07,daily_users,67
311,2019-11-08,daily_users,55
312,2019-11-09,daily_users,32
313,2019-11-10,daily_users,38
314,2019-11-11,daily_users,66
315,2019-11-12,daily_users,67
316,2019-11-13,daily_users,56
317,2019-11-14,daily_users,70
318,2019-11-15,daily_users,72
319,2019-11-16,daily_users,28
320,2019-11-17,daily_users,33
321,2019-11-18,daily_users,63
322,2019-11-19,daily_users,55
323,2019-11-20,daily_users,72
324,2019-11-21,daily_users,60
325,2019-11-22,daily_users,67
326,2019-11-23,daily_users,33
327,2019-11-24,daily_users,30
328,2019-11-25,daily_users,67
329,2019-11-26,daily_users,62
330,2019-11-27,daily_users,62
331,2019-11-28,daily_users,58
332,2019-11-29,daily_users,55
333,2019-11-30,daily_users,47
334,2019-12-01,daily_users,45
335,2019-12-02,daily_users,66
336,2019-12-03,daily_users,63
337,2019-12-04,daily_users,61
338,2019-12-05,daily_users,61
339,2019-12-06,daily_users,58
340,2019-12-07,daily_users,28
341,2019-12-08,daily_users,33
342,2019-12-09,daily_users,61
343,2019-12-10,daily_users,65
344,2019-12-11,daily_users,58
345,2019-12-12,daily_users,53
346,2019-12-13,daily_users,73
347,2019-12-14,daily_users,26
348,2019-12-15,daily_users,30
349,2019-12-16,daily_users,63
350,2019-12-17,daily_users,65
351,2019-12-18,daily_users,71
352,2019-12-19,daily_users,71
353,2019-12-20,daily_users,55
354,2019-12-21,daily_users,38
355,2019-12-22,daily_users,43
356,2019-12-23,daily_users,61
357,2019-12-24,daily_users,67
358,2019-12-25,daily_users,63
359,2019-12-26,daily_users,57
360,2019-12-27,daily_users,66
361,2019-12-28,daily_users,36
362,2019-12-29,daily_users,28
363,2019-12-30,daily_users,67
364,2019-12-31,daily_users,57
365,2020-01-01,daily_users,87
366,2020-01-02,daily_users,85
367,2020-01-03,daily_users,82
368,2020-01-04,daily_users,36
369,2020-01-05,daily_users,34
370,2020-01-06,daily_users,69
371,2020-01-07,daily_users,70
372,2020-01-08,daily_users,81
373,2020-01-09,daily_users,67
374,2020-01-10,daily_users,61
375,2020-01-11,daily_users,33
376,2020-01-12,daily_users,33
377,2020-01-13,daily_users,78
378,2020-01-14,daily_users,79
379,2020-01-15,daily_users,64
380,2020-01-16,daily_users,81
381,2020-01-17,daily_users,78
382,2020-01-18,daily_users,49
383,2020-01-19,daily_users,31
384,2020-01-20,daily_users,75
385,2020-01-21,daily_users,70
386,2020-01-22,daily_users,60
387,2020-01-23,daily_users,85
388,2020-01-24,daily_users,73
389,2020-01-25,daily_users,58
390,2020-01-26,daily_users,30
391,2020-01-27,daily_users,73
392,2020-01-28,daily_users,82
393,2020-01-29,daily_users,73
394,2020-01-30,daily_users,78
395,2020-01-31,daily_users,85
396,2020-02-01,daily_users,58
397,2020-02-02,daily_users,30
398,2020-02-03,daily_users,66
399,2020-02-04,daily_users,73
400,2020-02-05,daily_users,88
401,2020-02-06,daily_users,76
402,2020-02-07,daily_users,81
403,2020-02-08,daily_users,58
404,2020-02-09,daily_users,30
405,2020-02-10,daily_users,60
406,2020-02-11,daily_users,69
407,2020-02-12,daily_users,78
408,2020-02-13,daily_users,81
409,2020-02-14,daily_users,61
410,2020-02-15,daily_users,37
411,2020-02-16,daily_users,52
412,2020-02-17,daily_users,60
413,2020-02-18,daily_users,72
414,2020-02-19,daily_users,85
415,2020-02-20,daily_users,85
416,2020-02-21,daily_users,70
417,2020-02-22,daily_users,51
418,2020-02-23,daily_users,46
419,2020-02-24,daily_users,76
420,2020-02-25,daily_users,69
421,2020-02-26,daily_users,72
422,2020-02-27,daily_users,87
423,2020-02-28,daily_users,79
424,2020-02-29,daily_users,54
425,2020-03-01,daily_users,36
426,2020-03-02,daily_users,63
427,2020-03-03,daily_users,87
428,2020-03-04,daily_users,88
429,2020-03-05,daily_users,66
430,2020-03-06,daily_users,88
431,2020-03-07,daily_users,52
432,2020-03-08,daily_users,58
433,2020-03-09,daily_users,70
434,2020-03-10,daily_users,72
435,2020-03-11,daily_users,69
436,2020-03-12,daily_users,84
437,2020-03-13,daily_users,75
438,2020-03-14,daily_users,52
439,2020-03-15,daily_users,36
440,2020-03-16,daily_users,61
441,2020-03-17,daily_users,82
442,2020-03-18,daily_users,82
443,2020-03-19,daily_users,63
444,2020-03-20,daily_users,73
445,2020-03-21,daily_users,36
446,2020-03-22,daily_users,40
447,2020-03-23,daily_users,61
448,2020-03-24,daily_users,84
449,2020-03-25,daily_users,60
450,2020-03-26,daily_users,72
451,2020-03-27,daily_users,73
452,2020-03-28,daily_users,48
453,2020-03-29,daily_users,31
454,2020-03-30,daily_users,63
455,2020-03-31,daily_users,87
456,2020-04-01,daily_users,76
457,2020-04-02,daily_users,82
458,2020-04-03,daily_users,75
459,2020-04-04,daily_users,45
460,2020-04-05,daily_users,34
461,2020-04-06,daily_users,60
462,2020-04-07,daily_users,87
463,2020-04-08,daily_users,78
464,2020-04-09,daily_users,70
465,2020-04-10,daily_users,69
466,2020-04-11,daily_users,33
467,2020-04-12,daily_users,37
468,2020-04-13,daily_users,82
469,2020-04-14,daily_users,61
470,2020-04-15,daily_users,61
471,2020-04-16,daily_users,73
472,2020-04-17,daily_users,66
473,2020-04-18,daily_users,48
474,2020-04-19,daily_users,37
475,2020-04-20,daily_users,88
476,2020-04-21,daily_users,72
477,2020-04-22,daily_users,84
478,2020-04-23,daily_users,69
479,2020-04-24,daily_users,60
480,2020-04-25,daily_users,40
481,2020-04-26,daily_users,46
482,2020-04-27,daily_users,81
483,2020-04-28,daily_users,88
484,2020-04-29,daily_users,61
485,2020-04-30,daily_users,79
486,2020-05-01,daily_users,78
487,2020-05-02,daily_users,48
488,2020-05-03,daily_users,36
489,2020-05-04,daily_users,60
490,2020-05-05,daily_users,78
491,2020-05-06,daily_users,61
492,2020-05-07,daily_users,67
493,2020-05-08,daily_users,61
494,2020-05-09,daily_users,33
495,2020-05-10,daily_users,49
496,2020-05-11,daily_users,63
497,2020-05-12,daily_users,84
498,2020-05-13,daily_users,85
499,2020-05-14,daily_users,79
500,2020-05-15,daily_users,67
501,2020-05-16,daily_users,48
502,2020-05-17,daily_users,46
503,2020-05-18,daily_users,78
504,2020-05-19,daily_users,84
505,2020-05-20,daily_users,81
506,2020-05-21,daily_users,66
507,2020-05-22,daily_users,84
508,2020-05-23,daily_users,30
509,2020-05-24,daily_users,39
510,2020-05-25,daily_users,60
511,2020-05-26,daily_users,60
512,2020-05-27,daily_users,70
513,2020-05-28,daily_users,78
514,2020-05-29,daily_users,84
515,2020-05-30,daily_users,33
516,2020-05-31,daily_users,54
517,2020-06-01,daily_users,78
518,2020-06-02,daily_users,64
519,2020-06-03,daily_users,69
520,2020-06-04,daily_users,85
521,2020-06-05,daily_users,88
522,2020-06-06,daily_users,51
523,2020-06-07,daily_users,51
524,2020-06-08,daily_users,73
525,2020-06-09,daily_users,67
526,2020-06-10,daily_users,60
527,2020-06-11,daily_users,64
528,2020-06-12,daily_users,88
529,2020-06-13,daily_users,34
530,2020-06-14,daily_users,45
531,2020-06-15,daily_users,76
532,2020-06-16,daily_users,64
533,2020-06-17,daily_users,61
534,2020-06-18,daily_users,61
535,2020-06-19,daily_users,84
536,2020-06-20,daily_users,46
537,2020-06-21,daily_users,31
538,2020-06-22,daily_users,81
539,2020-06-23,daily_users,69
540,2020-06-24,daily_users,61
541,2020-06-25,daily_users,64
542,2020-06-26,daily_users,79
543,2020-06-27,daily_users,39
544,2020-06-28,daily_users,36
545,2020-06-29,daily_users,60
546,2020-06-30,daily_users,84
547,2020-07-01,daily_users,79
548,2020-07-02,daily_users,81
549,2020-07-03,daily_users,61
550,2020-07-04,daily_users,46
551,2020-07-05,daily_users,36
552,2020-07-06,daily_users,67
553,2020-07-07,daily_users,70
554,2020-07-08,daily_users,82
555,2020-07-09,daily_users,70
556,2020-07-10,daily_users,87
557,2020-07-11,daily_users,48
558,2020-07-12,daily_users,30
559,2020-07-13,daily_users,67
560,2020-07-14,daily_users,66
561,2020-07-15,daily_users,87
562,2020-07-16,daily_users,73
563,2020-07-17,daily_users,81
564,2020-07-18,daily_users,43
565,2020-07-19,daily_users,33
566,2020-07-20,daily_users,76
567,2020-07-21,daily_users,87
568,2020-07-22,daily_users,67
569,2020-07-23,daily_users,87
570,2020-07-24,daily_users,79
571,2020-07-25,daily_users,55
572,2020-07-26,daily_users,55
573,2020-07-27,daily_users,87
574,2020-07-28,daily_users,73
575,2020-07-29,daily_users,73
576,2020-07-30,daily_users,73
577,2020-07-31,daily_users,84
578,2020-08-01,daily_users,46
579,2020-08-02,daily_users,57
580,2020-08-03,daily_users,72
581,2020-08-04,daily_users,84
582,2020-08-05,daily_users,73
583,2020-08-06,daily_users,79
584,2020-08-07,daily_users,85
585,2020-08-08,daily_users,37
586,2020-08-09,daily_users,51
587,2020-08-10,daily_users,76
588,2020-08-11,daily_users,76
589,2020-08-12,daily_users,84
590,2020-08-13,daily_users,69
591,2020-08-14,daily_users,82
592,2020-08-15,daily_users,34
593,2020-08-16,daily_users,54
594,2020-08-17,daily_users,88
595,2020-08-18,daily_users,81
596,2020-08-19,daily_users,88
597,2020-08-20,daily_users,67
598,2020-08-21,daily_users,66
599,2020-08-22,daily_users,37
600,2020-08-23,daily_users,43
601,2020-08-24,daily_users,75
602,2020-08-25,daily_users,73
603,2020-08-26,daily_users,60
604,2020-08-27,daily_users,73
605,2020-08-28,daily_users,76
606,2020-08-29,daily_users,48
607,2020-08-30,daily_users,34
608,2020-08-31,daily_users,81
609,2020-09-01,daily_users,79
610,2020-09-02,daily_users,76
611,2020-09-03,daily_users,69
612,2020-09-04,daily_users,60
613,2020-09-05,daily_users,39
614,2020-09-06,daily_users,49
615,2020-09-07,daily_users,70
616,2020-09-08,daily_users,69
617,2020-09-09,daily_users,72
618,2020-09-10,daily_users,79
619,2020-09-11,daily_users,87
620,2020-09-12,daily_users,55
621,2020-09-13,daily_users,43
622,2020-09-14,daily_users,75
623,2020-09-15,daily_users,84
624,2020-09-16,daily_users,69
625,2020-09-17,daily_users,67
626,2020-09-18,daily_users,78
627,2020-09-19,daily_users,31
628,2020-09-20,daily_users,57
629,2020-09-21,daily_users,61
630,2020-09-22,daily_users,88
631,2020-09-23,daily_users,81
632,2020-09-24,daily_users,63
633,2020-09-25,daily_users,60
634,2020-09-26,daily_users,51
635,2020-09-27,daily_users,58
636,2020-09-28,daily_users,73
637,2020-09-29,daily_users,60
638,2020-09-30,daily_users,64
639,2020-10-01,daily_users,76
640,2020-10-02,daily_users,79
641,2020-10-03,daily_users,58
642,2020-10-04,daily_users,42
643,2020-10-05,daily_users,67
644,2020-10-06,daily_users,63
645,2020-10-07,daily_users,69
646,2020-10-08,daily_users,88
647,2020-10-09,daily_users,78
648,2020-10-10,daily_users,31
649,2020-10-11,daily_users,37
650,2020-10-12,daily_users,73
651,2020-10-13,daily_users,73
652,2020-10-14,daily_users,78
653,2020-10-15,daily_users,60
654,2020-10-16,daily_users,79
655,2020-10-17,daily_users,33
656,2020-10-18,daily_users,39
657,2020-10-19,daily_users,63
658,2020-10-20,daily_users,69
659,2020-10-21,daily_users,60
660,2020-10-22,daily_users,76
661,2020-10-23,daily_users,87
662,2020-10-24,daily_users,43
663,2020-10-25,daily_users,46
664,2020-10-26,daily_users,63
665,2020-10-27,daily_users,88
666,2020-10-28,daily_users,79
667,2020-10-29,daily_users,72
668,2020-10-30,daily_users,85
669,2020-10-31,daily_users,37
670,2020-11-01,daily_users,49
671,2020-11-02,daily_users,72
672,2020-11-03,daily_users,85
673,2020-11-04,daily_users,87
674,2020-11-05,daily_users,64
675,2020-11-06,daily_users,88
676,2020-11-07,daily_users,58
677,2020-11-08,daily_users,49
678,2020-11-09,daily_users,72
679,2020-11-10,daily_users,76
680,2020-11-11,daily_users,84
681,2020-11-12,daily_users,85
682,2020-11-13,daily_users,73
683,2020-11-14,daily_users,45
684,2020-11-15,daily_users,42
685,2020-11-16,daily_users,88
686,2020-11-17,daily_users,61
687,2020-11-18,daily_users,64
688,2020-11-19,daily_users,69
689,2020-11-20,daily_users,78
690,2020-11-21,daily_users,46
691,2020-11-22,daily_users,48
692,2020-11-23,daily_users,87
693,2020-11-24,daily_users,69
694,2020-11-25,daily_users,82
695,2020-11-26,daily_users,64
696,2020-11-27,daily_users,66
697,2020-11-28,daily_users,54
698,2020-11-29,daily_users,40
699,2020-11-30,daily_users,69
700,2020-12-01,daily_users,61
701,2020-12-02,daily_users,75
702,2020-12-03,daily_users,85
703,2020-12-04,daily_users,70
704,2020-12-05,daily_users,49
705,2020-12-06,daily_users,45
706,2020-12-07,daily_users,66
707,2020-12-08,daily_users,84
708,2020-12-09,daily_users,84
709,2020-12-10,daily_users,63
710,2020-12-11,daily_users,75
711,2020-12-12,daily_users,31
712,2020-12-13,daily_users,52
713,2020-12-14,daily_users,82
714,2020-12-15,daily_users,81
715,2020-12-16,daily_users,84
716,2020-12-17,daily_users,60
717,2020-12-18,daily_users,88
718,2020-12-19,daily_users,49
719,2020-12-20,daily_users,37
720,2020-12-21,daily_users,73
721,2020-12-22,daily_users,69
722,2020-12-23,daily_users,64
723,2020-12-24,daily_users,70
724,2020-12-25,daily_users,66
725,2020-12-26,daily_users,58
726,2020-12-27,daily_users,57
727,2020-12-28,daily_users,81
728,2020-12-29,daily_users,61
729,2020-12-30,daily_users,75
730,2020-12-31,daily_users,82
731,2021-01-01,daily_users,96
732,2021-01-02,daily_users,57
733,2021-01-03,daily_users,56
734,2021-01-04,daily_users,70
735,2021-01-05,daily_users,99
736,2021-01-06,daily_users,87
737,2021-01-07,daily_users,94
738,2021-01-08,daily_users,87
739,2021-01-09,daily_users,61
740,2021-01-10,daily_users,50
741,2021-01-11,daily_users,78
742,2021-01-12,daily_users,87
743,2021-01-13,daily_users,73
744,2021-01-14,daily_users,84
745,2021-01-15,daily_users,92
746,2021-01-16,daily_users,61
747,2021-01-17,daily_users,45
748,2021-01-18,daily_users,70
749,2021-01-19,daily_users,84
750,2021-01-20,daily_users,87
751,2021-01-21,daily_users,99
752,2021-01-22,daily_users,77
753,2021-01-23,daily_users,66
754,2021-01-24,daily_users,45
755,2021-01-25,daily_users,73
756,2021-01-26,daily_users,84
757,2021-01-27,daily_users,103
758,2021-01-28,daily_users,91
759,2021-01-29,daily_users,75
760,2021-01-30,daily_users,42
761,2021-01-31,daily_users,40
762,2021-02-01,daily_users,77
763,2021-02-02,daily_users,98
764,2021-02-03,daily_users,70
765,2021-02-04,daily_users,89
766,2021-02-05,daily_users,101
767,2021-02-06,daily_users,40
768,2021-02-07,daily_users,49
769,2021-02-08,daily_users,87
770,2021-02-09,daily_users,94
771,2021-02-10,daily_users,70
772,2021-02-11,daily_users,77
773,2021-02-12,daily_users,78
774,2021-02-13,daily_users,40
775,2021-02-14,daily_users,59
776,2021-02-15,daily_users,71
777,2021-02-16,daily_users,82
778,2021-02-17,daily_users,101
779,2021-02-18,daily_users,91
780,2021-02-19,daily_users,92
781,2021-02-20,daily_users,50
782,2021-02-21,daily_users,38
783,2021-02-22,daily_users,91
784,2021-02-23,daily_users,98
785,2021-02-24,daily_users,77
786,2021-02-25,daily_users,99
787,2021-02-26,daily_users,99
788,2021-02-27,daily_users,47
789,2021-02-28,daily_users,40
790,2021-03-01,daily_users,103
791,2021-03-02,daily_users,82
792,2021-03-03,daily_users,91
793,2021-03-04,daily_users,94
794,2021-03-05,daily_users,99
795,2021-03-06,daily_users,61
796,2021-03-07,daily_users,56
797,2021-03-08,daily_users,101
798,2021-03-09,daily_users,82
799,2021-03-10,daily_users,89
800,2021-03-11,daily_users,71
801,2021-03-12,daily_users,87
802,2021-03-13,daily_users,52
803,2021-03-14,daily_users,59
804,2021-03-15,daily_users,75
805,2021-03-16,daily_users,80
806,2021-03-17,daily_users,99
807,2021-03-18,daily_users,87
808,2021-03-19,daily_users,70
809,2021-03-20,daily_users,61
810,2021-03-21,daily_users,35
811,2021-03-22,daily_users,92
812,2021-03-23,daily_users,101
813,2021-03-24,daily_users,87
814,2021-03-25,daily_users,84
815,2021-03-26,daily_users,92
816,2021-03-27,daily_users,64
817,2021-03-28,daily_users,68
818,2021-03-29,daily_users,70
819,2021-03-30,daily_users,91
820,2021-03-31,daily_users,84
821,2021-04-01,daily_users,73
822,2021-04-02,daily_users,92
823,2021-04-03,daily_users,42
824,2021-04-04,daily_users,68
825,2021-04-05,daily_users,85
826,2021-04-06,daily_users,94
827,2021-04-07,daily_users,101
828,2021-04-08,daily_users,71
829,2021-04-09,daily_users,84
830,2021-04-10,daily_users,54
831,2021-04-11,daily_users,47
832,2021-04-12,daily_users,85
833,2021-04-13,daily_users,87
834,2021-04-14,daily_users,89
835,2021-04-15,daily_users,70
836,2021-04-16,daily_users,103
837,2021-04-17,daily_users,52
838,2021-04-18,daily_users,64
839,2021-04-19,daily_users,71
840,2021-04-20,daily_users,91
841,2021-04-21,daily_users,78
842,2021-04-22,daily_users,78
843,2021-04-23,daily_users,91
844,2021-04-24,daily_users,52
845,2021-04-25,daily_users,56
846,2021-04-26,daily_users,99
847,2021-04-27,daily_users,71
848,2021-04-28,daily_users,91
849,2021-04-29,daily_users,73
850,2021-04-30,daily_users,82
851,2021-05-01,daily_users,45
852,2021-05-02,daily_users,49
853,2021-05-03,daily_users,78
854,2021-05-04,daily_users,96
855,2021-05-05,daily_users,77
856,2021-05-06,daily_users,89
857,2021-05-07,daily_users,75
858,2021-05-08,daily_users,52
859,2021-05-09,daily_users,36
860,2021-05-10,daily_users,103
861,2021-05-11,daily_users,96
862,2021-05-12,daily_users,96
863,2021-05-13,daily_users,91
864,2021-05-14,daily_users,98
865,2021-05-15,daily_users,49
866,2021-05-16,daily_users,63
867,2021-05-17,daily_users,103
868,2021-05-18,daily_users,85
869,2021-05-19,daily_users,70
870,2021-05-20,daily_users,73
871,2021-05-21,daily_users,80
872,2021-05-22,daily_users,36
873,2021-05-23,daily_users,57
874,2021-05-24,daily_users,85
875,2021-05-25,daily_users,94
876,2021-05-26,daily_users,77
877,2021-05-27,daily_users,71
878,2021-05-28,daily_users,78
879,2021-05-29,daily_users,61
880,2021-05-30,daily_users,40
881,2021-05-31,daily_users,103
882,2021-06-01,daily_users,87
883,2021-06-02,daily_users,99
884,2021-06-03,daily_users,96
885,2021-06-04,daily_users,98
886,2021-06-05,daily_users,35
887,2021-06-06,daily_users,66
888,2021-06-07,daily_users,75
889,2021-06-08,daily_users,77
890,2021-06-09,daily_users,91
891,2021-06-10,daily_users,91
892,2021-06-11,daily_users,84
893,2021-06-12,daily_users,49
894,2021-06-13,daily_users,54
895,2021-06-14,daily_users,91
896,2021-06-15,daily_users,101
897,2021-06-16,daily_users,78
898,2021-06-17,daily_users,89
899,2021-06-18,daily_users,71
900,2021-06-19,daily_users,49
901,2021-06-20,daily_users,56
902,2021-06-21,daily_users,98
903,2021-06-22,daily_users,73
904,2021-06-23,daily_users,80
905,2021-06-24,daily_users,103
906,2021-06-25,daily_users,78
907,2021-06-26,daily_users,66
908,2021-06-27,daily_users,56
909,2021-06-28,daily_users,73
910,2021-06-29,daily_users,73
911,2021-06-30,daily_users,92
912,2021-07-01,daily_users,85
913,2021-07-02,daily_users,84
914,2021-07-03,daily_users,61
915,2021-07-04,daily_users,35
916,2021-07-05,daily_users,94
917,2021-07-06,daily_users,99
918,2021-07-07,daily_users,84
919,2021-07-08,daily_users,96
920,2021-07-09,daily_users,84
921,2021-07-10,daily_users,45
922,2021-07-11,daily_users,35
923,2021-07-12,daily_users,71
924,2021-07-13,daily_users,71
925,2021-07-14,daily_users,85
926,2021-07-15,daily_users,73
927,2021-07-16,daily_users,103
928,2021-07-17,daily_users,49
929,2021-07-18,daily_users,40
930,2021-07-19,daily_users,96
931,2021-07-20,daily_users,77
932,2021-07-21,daily_users,96
933,2021-07-22,daily_users,91
934,2021-07-23,daily_users,70
935,2021-07-24,daily_users,36
936,2021-07-25,daily_users,42
937,2021-07-26,daily_users,82
938,2021-07-27,daily_users,85
939,2021-07-28,daily_users,78
940,2021-07-29,daily_users,70
941,2021-07-30,daily_users,84
942,2021-07-31,daily_users,64
943,2021-08-01,daily_users,42
944,2021-08-02,daily_users,82
945,2021-08-03,daily_users,101
946,2021-08-04,daily_users,87
947,2021-08-05,daily_users,96
948,2021-08-06,daily_users,101
949,2021-08-07,daily_users,36
950,2021-08-08,daily_users,66
951,2021-08-09,daily_users,75
952,2021-08-10,daily_users,94
953,2021-08-11,daily_users,85
954,2021-08-12,daily_users,70
955,2021-08-13,daily_users,96
956,2021-08-14,daily_users,43
957,2021-08-15,daily_users,59
958,2021-08-16,daily_users,84
959,2021-08-17,daily_users,101
960,2021-08-18,daily_users,98
961,2021-08-19,daily_users,85
962,2021-08-20,daily_users,91
963,2021-08-21,daily_users,52
964,2021-08-22,daily_users,47
965,2021-08-23,daily_users,99
966,2021-08-24,daily_users,94
967,2021-08-25,daily_users,82
968,2021-08-26,daily_users,85
969,2021-08-27,daily_users,101
970,2021-08-28,daily_users,57
971,2021-08-29,daily_users,40
972,2021-08-30,daily_users,101
973,2021-08-31,daily_users,91
974,2021-09-01,daily_users,99
975,2021-09-02,daily_users,99
976,2021-09-03,daily_users,71
977,2021-09-04,daily_users,40
978,2021-09-05,daily_users,45
979,2021-09-06,daily_users,101
980,2021-09-07,daily_users,87
981,2021-09-08,daily_users,75
982,2021-09-09,daily_users,75
983,2021-09-10,daily_users,73
984,2021-09-11,daily_users,59
985,2021-09-12,daily_users,36
986,2021-09-13,daily_users,94
987,2021-09-14,daily_users,70
988,2021-09-15,daily_users,78
989,2021-09-16,daily_users,73
990,2021-09-17,daily_users,71
991,2021-09-18,daily_users,45
992,2021-09-19,daily_users,43
993,2021-09-20,daily_users,85
994,2021-09-21,daily_users,70
995,2021-09-22,daily_users,92
996,2021-09-23,daily_users,99
997,2021-09-24,daily_users,71
998,2021-09-25,daily_users,49
999,2021-09-26,daily_users,63
1000,2021-09-27,daily_users,85
1001,2021-09-28,daily_users,77
1002,2021-09-29,daily_users,98
1003,2021-09-30,daily_users,71
1004,2021-10-01,daily_users,98
1005,2021-10-02,daily_users,59
1006,2021-10-03,daily_users,52
1007,2021-10-04,daily_users,91
1008,2021-10-05,daily_users,71
1009,2021-10-06,daily_users,78
1010,2021-10-07,daily_users,91
1011,2021-10-08,daily_users,77
1012,2021-10-09,daily_users,42
1013,2021-10-10,daily_users,36
1014,2021-10-11,daily_users,78
1015,2021-10-12,daily_users,84
1016,2021-10-13,daily_users,85
1017,2021-10-14,daily_users,89
1018,2021-10-15,daily_users,99
1019,2021-10-16,daily_users,56
1020,2021-10-17,daily_users,43
1021,2021-10-18,daily_users,101
1022,2021-10-19,daily_users,94
1023,2021-10-20,daily_users,77
1024,2021-10-21,daily_users,94
1025,2021-10-22,daily_users,99
1026,2021-10-23,daily_users,38
1027,2021-10-24,daily_users,43
1028,2021-10-25,daily_users,82
1029,2021-10-26,daily_users,84
1030,2021-10-27,daily_users,96
1031,2021-10-28,daily_users,77
1032,2021-10-29,daily_users,89
1033,2021-10-30,daily_users,64
1034,2021-10-31,daily_users,68
1035,2021-11-01,daily_users,75
1036,2021-11-02,daily_users,73
1037,2021-11-03,daily_users,101
1038,2021-11-04,daily_users,82
1039,2021-11-05,daily_users,101
1040,2021-11-06,daily_users,68
1041,2021-11-07,daily_users,56
1042,2021-11-08,daily_users,98
1043,2021-11-09,daily_users,84
1044,2021-11-10,daily_users,84
1045,2021-11-11,daily_users,89
1046,2021-11-12,daily_users,99
1047,2021-11-13,daily_users,54
1048,2021-11-14,daily_users,52
1049,2021-11-15,daily_users,70
1050,2021-11-16,daily_users,103
1051,2021-11-17,daily_users,96
1052,2021-11-18,daily_users,89
1053,2021-11-19,daily_users,85
1054,2021-11-20,daily_users,61
1055,2021-11-21,daily_users,38
1056,2021-11-22,daily_users,77
1057,2021-11-23,daily_users,78
1058,2021-11-24,daily_users,103
1059,2021-11-25,daily_users,71
1060,2021-11-26,daily_users,103
1061,2021-11-27,daily_users,68
1062,2021-11-28,daily_users,45
1063,2021-11-29,daily_users,89
1064,2021-11-30,daily_users,77
1065,2021-12-01,daily_users,70
1066,2021-12-02,daily_users,84
1067,2021-12-03,daily_users,85
1068,2021-12-04,daily_users,45
1069,2021-12-05,daily_users,45
1070,2021-12-06,daily_users,103
1071,2021-12-07,daily_users,103
1072,2021-12-08,daily_users,103
1073,2021-12-09,daily_users,92
1074,2021-12-10,daily_users,80
1075,2021-12-11,daily_users,40
1076,2021-12-12,daily_users,57
1077,2021-12-13,daily_users,89
1078,2021-12-14,daily_users,99
1079,2021-12-15,daily_users,77
1080,2021-12-16,daily_users,92
1081,2021-12-17,daily_users,71
1082,2021-12-18,daily_users,36
1083,2021-12-19,daily_users,54
1084,2021-12-20,daily_users,80
1085,2021-12-21,daily_users,75
1086,2021-12-22,daily_users,91
1087,2021-12-23,daily_users,103
1088,2021-12-24,daily_users,78
1089,2021-12-25,daily_users,57
1090,2021-12-26,daily_users,43
1091,2021-12-27,daily_users,96
1092,2021-12-28,daily_users,98
1093,2021-12-29,daily_users,91
1094,2021-12-30,daily_users,70
1095,2021-12-31,daily_users,75
1096,2022-01-01,daily_users,50
